0,Match,David Warner,Shubhman Gill,Mitch Marsh,Virat Kohli,Joe Root,MS Dhoni,Rohit Sharma,Steve Smith,Pritesh,Abhinav,Ayan,Wasil,Chris Gayle,Kane Williamson,Ben Stokes,Ishan Kishan
1,1,36.33,35.13,67.98,31,32.78,41.62,52.89,21,25.3,43.5,63.6,28.07,80.20666667,64.41,64.63,50.41
2,2,42.34,60.79,27.5,63.83,41.9,43.8,66,40.78,62,21.25,64,23.33,59.75,54.9,31.9,64.52
3,3,84,92,77.01666667,36.91,46.93,19.75,28.22,58.34,14.67,64.95,33.45,59.55,39.96,11,72.08,39.75
4,4,78.80666667,86,37,37.85,53.7,32.85,43.02,64.19,33.43,10.75,38.19,32.48,77.53333333,37.35,44.48,17.16
5,5,28.8,22.39,72.03,26.79,8.92,24.75,12.7,34.53,48.66,45.25,63.75,34.77,34,43.52,35.57,66
